{
  "optimizer": "adam",
  "iterations": 6,
  "final_energy": -855.5751457267883,
  "circuit_depth": 3,
  "runtime_sec": 18.95357729191892
}