{
  "optimizer": "adam",
  "k": 2,
  "num_parameters": 252,
  "iterations": 114,
  "final_energy": -864.6906256879856,
  "circuit_depth": 1,
  "runtime_sec": 112.42948820802849
}