{
  "optimizer": "spsa",
  "k": 2,
  "num_parameters": 252,
  "iterations": 200,
  "final_energy": -858.6461241671809,
  "circuit_depth": 1,
  "runtime_sec": 570.8846961669624
}