{
  "optimizer": "spsa",
  "iterations": 6,
  "final_energy": -855.5710795739117,
  "circuit_depth": 3,
  "runtime_sec": 19.352209083968773
}