{
  "optimizer": "cobyla",
  "iterations": 6,
  "final_energy": -857.8923496009593,
  "circuit_depth": 3,
  "runtime_sec": 21.293825417058542
}