{
  "optimizer": "cobyla",
  "k": 2,
  "num_parameters": 252,
  "iterations": 15,
  "final_energy": -864.5604893508919,
  "circuit_depth": 1,
  "runtime_sec": 1323.9825921249576
}